<?xml version="1.0" encoding="UTF-8"?>
<metadata modelVersion="1.1.0">
  <groupId>com.thenaran</groupId>
  <artifactId>microbot</artifactId>
  <version>0.0.1-SNAPSHOT</version>
  <versioning>
    <snapshot>
      <timestamp>20190328.052938</timestamp>
      <buildNumber>1</buildNumber>
    </snapshot>
    <lastUpdated>20190328052938</lastUpdated>
    <snapshotVersions>
      <snapshotVersion>
        <extension>aar</extension>
        <value>0.0.1-20190328.052938-1</value>
        <updated>20190328052938</updated>
      </snapshotVersion>
      <snapshotVersion>
        <extension>pom</extension>
        <value>0.0.1-20190328.052938-1</value>
        <updated>20190328052938</updated>
      </snapshotVersion>
    </snapshotVersions>
  </versioning>
</metadata>
