<?xml version="1.0" encoding="UTF-8"?>
<metadata modelVersion="1.1.0">
  <groupId>com.thenaran</groupId>
  <artifactId>microbot</artifactId>
  <version>0.0.3-SNAPSHOT</version>
  <versioning>
    <snapshot>
      <timestamp>20190423.040329</timestamp>
      <buildNumber>1</buildNumber>
    </snapshot>
    <lastUpdated>20190423040329</lastUpdated>
    <snapshotVersions>
      <snapshotVersion>
        <extension>aar</extension>
        <value>0.0.3-20190423.040329-1</value>
        <updated>20190423040329</updated>
      </snapshotVersion>
      <snapshotVersion>
        <extension>pom</extension>
        <value>0.0.3-20190423.040329-1</value>
        <updated>20190423040329</updated>
      </snapshotVersion>
    </snapshotVersions>
  </versioning>
</metadata>
