<?xml version="1.0" encoding="UTF-8"?>
<metadata modelVersion="1.1.0">
  <groupId>com.thenaran</groupId>
  <artifactId>microbot</artifactId>
  <version>0.0.2-SNAPSHOT</version>
  <versioning>
    <snapshot>
      <timestamp>20190402.061751</timestamp>
      <buildNumber>1</buildNumber>
    </snapshot>
    <lastUpdated>20190402061751</lastUpdated>
    <snapshotVersions>
      <snapshotVersion>
        <extension>aar</extension>
        <value>0.0.2-20190402.061751-1</value>
        <updated>20190402061751</updated>
      </snapshotVersion>
      <snapshotVersion>
        <extension>pom</extension>
        <value>0.0.2-20190402.061751-1</value>
        <updated>20190402061751</updated>
      </snapshotVersion>
    </snapshotVersions>
  </versioning>
</metadata>
